username,first_name,last_name,email,is_active
ivan,Ivan,Ivanov,ivan@fake.up,1
petr,Petr,Petrov,petr@fake.up,1
semen,Semen,Semenov,semen@fake.up,1
sergey,Sergey,Sergeev,sergey@fake.up,1
maxpain,Max,Pain,maxpain@fake.up,1
